study_hours_per_day,attendance_percentage,assignment_score,quiz_score,previous_gpa,participation_score,final_exam_score
5.61,62.13,66.2,83.56,2.82,68.38,62.72
2.92,72.17,84.74,100.0,3.13,64.2,69.4
6.5,83.04,75.66,50.55,2.79,77.96,67.66
6.88,76.77,62.93,90.41,3.38,74.1,74.32
1.1,70.19,60.74,70.98,2.52,20.21,31.21
2.4,69.91,50.58,81.29,2.0,73.18,35.96
5.26,69.45,75.78,46.93,3.99,49.95,66.93
4.37,67.45,67.39,90.55,2.44,43.67,56.5
4.97,100.0,41.16,81.01,2.46,62.17,55.31
3.29,81.57,65.04,69.46,2.76,71.16,54.7
6.76,88.64,60.29,79.03,2.84,40.39,64.39
6.56,72.13,92.48,59.28,2.57,75.57,60.91
5.13,75.77,49.86,,2.79,76.45,53.16
7.25,69.44,53.26,63.51,2.78,65.7,54.57
5.94,46.18,86.43,44.06,2.9,51.99,43.62
3.28,61.46,89.64,82.06,1.39,50.31,37.24
5.74,56.27,62.32,86.68,3.93,80.39,58.45
3.08,51.0,63.78,60.18,2.71,42.33,33.44
6.76,63.66,80.01,74.87,3.15,80.97,68.66
4.9,93.9,41.75,66.28,1.97,62.52,44.6
4.63,77.47,47.8,74.6,2.52,63.56,53.43
3.64,93.49,68.35,61.21,2.4,39.38,51.95
7.45,82.93,92.15,57.63,3.68,62.8,82.79
4.69,87.39,66.34,84.73,2.45,74.2,62.59
4.14,67.19,73.31,69.11,3.25,44.95,50.77
4.3,84.29,86.74,98.31,2.41,72.48,71.09
6.06,86.74,99.39,70.65,2.53,66.34,67.89
5.73,71.08,,57.03,2.65,55.34,54.77
5.83,84.71,71.78,87.18,3.57,77.82,72.84
5.86,84.79,95.69,78.83,1.67,31.97,67.32
9.28,71.41,52.21,,2.01,70.2,60.81
4.19,64.53,85.36,86.67,1.63,89.29,60.69
3.98,63.79,58.76,60.86,2.15,86.6,37.33
3.37,79.04,73.33,68.22,2.31,70.85,49.26
6.23,81.92,,67.6,1.83,60.47,58.18
7.26,68.49,59.55,51.93,2.36,55.46,56.7
4.77,78.32,59.22,66.31,1.59,60.46,53.33
3.32,84.85,75.59,88.71,2.19,73.16,60.21
3.35,85.42,84.94,73.32,3.52,52.89,76.18
6.3,96.62,70.31,51.16,3.04,76.36,68.26
6.49,93.32,72.91,48.22,2.91,97.0,76.25
6.09,65.98,79.43,93.31,2.2,64.07,58.21
3.67,98.2,59.37,68.74,1.88,44.83,52.06
5.46,71.63,81.62,60.94,2.12,44.83,40.74
5.23,90.54,82.65,66.16,2.77,76.65,64.11
5.44,78.82,100.0,49.32,3.32,64.1,72.04
6.74,73.05,67.11,89.92,3.34,78.15,66.92
5.45,56.31,66.04,64.5,3.18,57.0,54.29
6.36,75.94,82.0,89.14,2.36,77.46,74.82
5.14,59.29,82.65,70.72,2.81,62.63,54.61
5.58,89.61,65.04,90.01,2.61,54.01,61.92
6.26,96.2,66.76,73.59,2.68,58.99,66.65
2.09,68.44,79.03,81.95,4.0,47.04,54.86
4.36,81.62,61.24,80.07,1.74,94.84,54.15
4.06,69.3,66.66,78.73,2.66,63.55,53.9
3.72,70.46,73.16,74.87,3.53,74.67,60.38
4.45,87.29,84.95,66.74,1.92,56.95,66.17
7.99,77.54,64.14,96.82,2.41,49.22,65.6
3.27,98.88,48.05,57.3,2.48,61.49,56.12
6.94,72.21,47.08,70.06,2.67,81.52,52.37
1.63,89.99,55.63,70.21,1.84,57.19,41.17
4.33,79.17,54.93,,3.16,51.94,61.75
5.33,87.55,69.99,63.99,3.2,67.33,72.0
6.17,72.63,56.54,74.41,3.11,72.49,59.53
6.42,77.41,62.86,67.64,2.28,89.64,63.18
6.59,76.61,61.94,47.85,2.85,70.31,59.31
4.3,67.97,66.27,70.13,2.26,74.66,47.0
4.08,85.94,89.19,54.59,2.6,75.79,65.04
6.72,85.8,80.61,45.72,4.0,47.7,81.77
4.62,85.12,72.21,71.92,2.86,50.55,63.48
2.45,96.44,66.01,76.83,2.09,48.74,54.51
2.73,95.39,66.37,77.37,2.91,45.02,61.61
3.16,73.5,76.26,77.94,1.99,76.93,44.26
5.99,82.48,79.59,42.94,2.08,69.35,58.21
5.28,70.52,60.2,50.95,2.18,66.19,40.15
6.38,78.28,72.47,97.63,2.53,26.11,62.23
4.15,70.8,45.59,55.34,3.36,95.83,61.86
5.32,97.44,74.75,78.55,3.15,51.59,71.66
6.25,82.36,81.91,60.38,3.11,95.78,69.47
4.38,75.38,68.36,71.12,2.14,43.26,54.54
5.91,92.32,95.61,61.13,2.48,52.81,65.36
3.68,51.95,60.54,77.86,2.96,31.96,39.4
4.27,53.83,74.83,71.91,2.42,70.43,54.33
4.24,87.55,71.53,63.72,2.63,48.48,56.76
2.61,78.73,70.7,55.3,3.06,48.9,41.1
5.97,81.01,70.51,73.75,2.59,44.41,63.69
4.06,62.08,73.39,53.02,2.94,76.66,48.02
5.02,77.72,,,3.76,75.67,81.86
5.96,100.0,89.91,100.0,2.7,92.18,84.99
5.89,87.89,71.97,88.9,3.51,54.71,81.28
6.33,80.04,82.6,80.06,3.14,68.28,83.31
4.8,72.73,62.88,68.8,1.92,45.66,41.13
4.15,73.27,81.96,42.86,2.14,59.97,45.52
4.84,52.45,62.09,51.49,2.3,57.22,39.39
1.63,81.09,86.18,87.96,2.29,71.97,52.66
2.11,88.15,100.0,58.94,2.75,80.26,64.11
2.35,59.09,70.41,60.21,3.17,79.87,45.37
3.01,70.06,43.5,67.68,3.55,52.36,44.29
5.8,64.11,64.88,55.13,2.98,79.98,55.2
3.19,66.42,88.01,52.83,2.53,64.34,49.19
4.24,78.64,79.19,69.29,1.55,60.13,51.03
7.6,52.99,75.24,57.52,2.84,54.37,52.99
4.29,85.37,85.11,59.63,2.82,56.6,58.82
6.48,87.05,78.3,59.06,2.91,91.13,71.44
3.13,74.99,87.83,77.31,4.0,69.61,69.83
4.59,48.23,83.95,66.75,3.54,67.62,54.58
3.1,66.04,91.78,67.5,3.27,61.07,60.22
4.32,92.79,76.66,78.36,2.22,100.0,58.56
6.68,44.66,83.77,68.01,2.49,84.58,52.79
1.55,73.83,,66.1,2.74,54.18,42.35
5.87,63.84,64.18,76.59,2.33,60.9,48.63
5.48,87.65,94.19,79.35,3.1,61.79,85.19
3.81,69.9,74.81,67.94,3.01,67.19,55.95
2.11,82.85,82.46,71.13,2.15,54.48,51.25
5.14,84.79,73.61,59.05,3.52,71.58,65.17
3.94,100.0,64.38,57.95,2.86,86.78,63.17
5.47,75.56,72.14,80.77,1.76,45.3,47.27
5.04,82.51,90.67,76.23,2.77,48.08,66.63
8.2,60.18,79.22,76.37,2.97,57.75,63.48
4.52,92.28,49.75,73.93,3.38,58.45,60.56
2.95,68.87,69.2,70.65,2.6,94.98,39.18
5.36,71.27,95.17,79.75,3.3,80.03,69.0
5.44,77.73,69.22,83.09,2.91,79.16,74.21
7.72,59.25,48.59,82.76,2.01,61.03,55.34
6.67,80.75,96.61,68.59,1.95,60.71,73.88
5.71,89.61,80.87,89.42,3.47,43.22,84.3
7.93,81.52,71.09,73.2,3.52,76.73,82.04
2.62,58.93,67.17,78.85,2.99,72.37,46.45
3.72,76.51,86.07,73.95,3.7,84.29,65.46
3.15,86.9,64.95,73.46,3.43,61.84,66.78
4.22,55.46,86.93,59.7,3.21,62.87,54.67
2.25,65.1,79.05,79.82,2.25,67.55,60.1
6.27,88.52,75.18,100.0,3.84,78.38,85.06
4.56,81.24,73.89,64.75,3.12,42.95,69.06
2.06,82.94,69.73,70.99,2.57,76.04,51.35
2.97,100.0,,63.75,2.4,64.69,68.72
5.63,83.62,60.75,63.17,2.95,49.12,66.92
6.68,85.89,50.91,91.62,1.8,33.73,50.84
8.99,100.0,79.99,60.58,3.22,62.95,82.31
10.83,75.43,80.21,63.36,2.23,86.72,72.23
5.83,68.43,78.24,47.78,3.02,90.12,54.52
3.02,83.13,77.3,59.39,2.49,70.33,56.71
0.74,83.27,67.83,46.08,2.64,94.43,42.99
5.54,71.68,82.24,78.85,2.35,64.36,61.98
3.37,65.61,71.41,100.0,2.7,79.3,61.86
4.17,100.0,65.67,,3.93,58.23,61.44
3.78,81.92,67.95,46.67,3.63,57.28,62.62
4.72,69.21,98.27,82.6,3.01,54.84,66.39
7.13,88.99,49.45,59.82,2.78,34.09,60.28
5.31,76.69,78.5,88.19,3.31,84.31,77.13
4.68,74.97,50.17,66.05,3.48,55.38,61.13
2.93,84.75,70.59,61.15,2.3,52.98,47.85
1.65,62.5,66.36,67.51,2.75,47.3,28.16
4.03,82.23,44.89,80.61,1.71,61.93,44.55
4.89,100.0,77.06,66.82,3.47,91.45,78.89
8.54,83.59,67.06,63.05,4.0,96.41,78.57
5.26,73.49,44.71,67.22,2.85,40.09,48.07
6.97,71.91,82.91,52.19,1.52,59.68,51.09
4.0,73.08,90.66,75.56,3.17,49.48,56.87
2.63,74.95,91.37,44.99,2.26,79.83,52.62
3.07,73.47,76.67,,2.4,69.3,47.15
3.55,89.0,72.6,80.63,3.18,,62.58
9.26,57.2,89.27,74.24,2.95,66.09,71.67
3.36,88.34,93.87,78.26,2.51,57.84,71.29
6.68,73.44,86.74,69.09,2.41,89.21,68.44
3.19,82.52,59.76,86.38,2.88,73.2,58.73
6.86,64.48,74.62,82.95,2.55,75.05,62.57
5.77,93.94,77.71,76.25,2.13,25.0,64.55
4.69,92.95,48.47,82.99,2.6,64.0,66.08
4.92,89.52,78.1,80.51,3.0,96.25,78.03
3.69,59.82,100.0,63.85,2.69,84.89,61.84
5.89,87.95,80.32,51.19,1.95,37.29,57.97
4.09,82.86,91.15,75.89,3.39,60.3,64.08
2.55,58.74,74.38,77.65,1.16,46.98,28.7
2.44,77.71,71.05,85.27,2.53,90.67,55.99
5.35,82.37,76.96,56.89,2.43,68.66,55.46
8.16,84.67,61.39,,2.89,53.48,60.36
5.32,80.13,59.47,76.44,3.14,65.51,53.23
4.76,81.49,88.46,69.0,3.48,25.89,59.5
5.57,95.68,89.84,43.6,2.37,48.73,61.38
7.61,92.71,59.12,75.25,3.15,65.55,74.08
5.44,43.6,84.58,44.07,2.92,77.69,44.63
4.18,74.19,70.87,56.77,1.77,35.88,41.45
7.21,76.02,76.42,88.92,3.94,59.28,78.85
5.86,56.97,77.98,95.55,1.94,80.15,64.35
8.07,79.13,84.93,52.98,3.05,43.23,68.82
5.37,92.99,73.08,65.39,3.03,68.44,72.25
2.55,64.96,90.33,70.6,2.97,65.99,56.06
2.26,82.04,76.02,94.94,2.5,90.72,54.93
8.3,67.01,80.11,63.1,3.3,61.55,70.53
8.45,69.94,61.17,63.32,1.86,62.43,49.54
4.64,95.73,100.0,91.68,2.76,77.82,81.38
4.23,71.49,78.11,64.75,2.46,45.1,47.27
7.92,83.55,81.27,80.11,2.39,61.69,75.83
2.79,55.55,51.09,49.32,3.06,58.16,27.22
3.21,100.0,61.3,67.6,3.45,62.92,63.91
6.29,85.23,88.09,46.77,2.59,77.73,69.45
4.21,75.81,75.73,55.22,3.27,73.31,63.71
4.99,84.91,47.12,81.75,2.83,53.77,53.11
4.67,61.08,85.5,69.3,2.26,67.05,53.31
5.68,92.19,64.93,65.53,2.65,87.36,67.24
7.81,74.11,90.35,59.52,2.62,52.53,75.9
5.18,75.55,70.86,66.91,2.38,67.18,48.62
6.29,72.1,74.66,74.22,3.06,62.1,61.28
0.9,71.03,87.33,83.76,2.94,64.05,68.09
4.9,86.34,60.33,33.25,1.85,40.54,38.43
3.31,81.07,59.09,58.36,1.81,86.16,34.82
2.56,85.82,69.45,72.23,3.05,53.38,52.99
3.24,77.89,82.75,68.62,2.31,80.39,42.27
4.33,84.16,54.7,75.65,2.98,55.68,58.01
6.83,72.97,50.32,73.75,3.27,55.62,64.86
2.35,100.0,82.71,65.73,2.04,83.2,54.67
5.06,59.18,64.16,62.62,1.95,79.91,42.13
4.03,93.13,66.9,66.56,3.8,68.13,73.38
4.34,94.41,47.86,86.08,3.01,76.42,55.38
7.01,67.77,63.17,59.75,2.55,60.67,48.42
6.08,100.0,71.9,69.12,2.24,64.87,66.62
7.67,89.95,84.09,72.57,2.49,55.08,70.72
4.69,89.65,61.97,91.84,2.09,78.56,61.11
3.61,78.34,93.55,65.8,3.33,54.6,58.37
4.55,75.39,63.1,83.42,2.33,87.28,58.97
5.48,75.49,63.12,87.25,3.46,60.26,66.29
5.35,82.69,91.99,69.11,2.56,65.31,70.48
2.83,94.81,74.75,67.05,2.17,76.38,57.76
5.18,80.18,64.82,65.39,2.54,65.36,57.53
5.46,67.06,69.98,66.42,1.23,60.53,36.31
10.03,87.89,89.59,81.96,2.73,64.55,90.84
8.75,89.05,91.06,73.23,2.7,78.41,82.86
3.29,85.86,61.38,73.29,3.29,55.06,57.16
4.43,86.95,71.45,54.25,1.67,63.11,54.18
2.07,74.75,73.17,56.46,3.5,65.15,48.55
3.82,66.85,59.18,100.0,3.29,77.97,68.17
5.63,67.58,71.28,67.51,3.55,63.5,70.41
7.41,58.37,72.07,59.15,2.77,92.12,64.88
3.54,80.84,86.82,90.04,3.41,62.65,66.2
3.69,77.0,87.7,,1.92,61.43,43.77
0.71,72.72,67.72,78.09,3.23,62.43,53.78
4.67,42.53,69.22,68.07,2.34,45.25,38.95
2.88,63.03,80.64,65.54,1.81,49.45,36.26
3.94,91.45,64.39,67.63,2.13,57.04,58.88
3.25,70.02,79.65,50.64,2.8,82.04,47.2
4.81,82.33,70.86,68.77,2.31,64.5,54.86
1.48,61.31,59.4,74.14,3.03,57.73,43.31
2.07,95.26,59.56,95.91,1.72,83.4,48.82
9.26,76.27,90.81,71.2,1.52,88.27,72.35
2.43,81.48,69.97,,3.62,83.83,58.74
2.81,100.0,93.32,68.68,3.34,52.2,71.93
8.67,96.2,65.32,100.0,2.17,57.57,85.15
10.81,74.32,75.79,82.13,2.8,92.21,91.03
2.66,70.88,100.0,58.65,3.41,68.62,61.48
4.26,74.09,58.25,78.28,3.05,60.99,44.07
5.68,84.12,47.33,,2.89,75.78,50.99
8.46,76.74,88.73,51.05,3.46,80.11,82.29
3.03,73.26,61.25,65.12,2.36,56.43,35.46
4.51,95.61,71.73,71.28,2.82,68.29,64.81
6.55,76.63,64.38,43.79,2.79,78.9,59.16
5.87,100.0,75.49,53.91,2.64,47.6,72.54
4.25,79.09,59.64,70.14,2.57,65.19,49.93
4.73,99.42,69.66,64.29,2.84,48.28,60.59
2.25,82.29,77.85,75.53,2.82,50.25,54.62
4.52,89.56,58.89,52.99,2.17,56.55,50.7
4.47,69.3,62.9,80.0,3.28,72.16,58.91
5.46,67.75,67.48,53.43,2.21,60.17,52.49
3.89,83.52,53.43,93.0,2.67,55.27,52.73
5.94,89.86,66.51,45.98,2.62,65.77,59.47
7.03,78.48,73.54,54.7,3.01,47.8,65.37
5.31,62.56,66.81,75.84,1.53,71.43,44.45
5.7,61.68,68.47,93.3,3.33,81.97,71.74
5.11,60.87,71.74,74.41,2.39,63.81,52.77
5.0,56.79,63.48,77.88,3.53,61.96,60.79
3.56,79.31,80.98,70.25,2.51,70.6,58.78
5.63,91.5,90.67,55.63,2.77,34.57,67.72
4.81,77.84,65.96,63.14,3.95,73.05,62.76
9.19,50.88,78.31,53.03,2.63,100.0,61.16
8.15,75.71,68.88,52.1,3.54,63.16,75.65
5.77,76.05,76.75,75.62,2.82,63.21,68.26
3.47,100.0,92.36,54.28,3.05,76.15,64.72
2.78,60.51,78.61,74.47,2.84,89.68,54.29
7.38,73.31,48.95,51.77,3.31,79.62,48.15
5.53,98.47,77.9,74.15,2.39,32.67,62.77
5.96,83.4,88.03,63.16,2.21,73.45,70.33
1.51,84.76,69.12,89.69,2.42,100.0,56.93
6.85,79.38,84.94,74.53,2.86,74.34,74.44
5.91,81.96,63.03,87.3,2.67,47.68,48.13
2.78,87.33,52.69,59.42,3.23,69.23,49.92
4.06,68.29,73.84,70.79,3.58,45.79,59.75
5.53,88.54,49.17,56.26,2.21,83.49,55.59
5.1,61.52,68.88,64.21,2.36,50.66,51.62
4.42,81.94,88.73,66.33,1.94,66.11,57.0
4.79,80.14,47.17,59.84,4.0,52.13,56.82
4.5,70.6,55.37,52.98,2.98,56.8,40.06
5.31,77.73,58.58,50.21,3.09,87.29,56.02
7.94,70.53,71.18,37.24,2.0,66.55,46.1
0.5,65.14,67.25,55.21,2.8,56.61,25.56
4.53,73.76,90.19,78.78,3.11,47.82,60.1
5.35,64.75,84.41,47.62,2.65,36.92,57.56
5.59,81.87,78.44,50.85,3.45,46.23,62.19
4.26,64.2,73.89,95.07,4.0,66.68,70.31
1.49,86.54,77.11,61.09,2.23,79.7,46.83
5.66,63.82,60.79,74.49,2.19,56.59,39.97
8.45,71.2,83.14,78.99,2.27,88.56,78.39
1.93,70.5,57.54,79.28,3.76,54.24,40.7
6.73,93.9,82.86,48.69,3.43,61.43,71.65
4.34,81.96,87.42,66.77,2.72,,61.01
4.88,75.46,74.74,47.34,2.82,79.86,57.4
2.89,83.98,69.71,100.0,2.31,96.46,59.59
4.33,52.71,77.2,47.67,3.33,38.57,36.13
7.6,77.48,34.8,55.33,2.57,59.81,46.53
6.17,100.0,75.93,55.43,2.64,83.97,67.63
8.46,79.59,70.53,,3.17,43.3,62.47
7.35,78.81,71.34,88.94,2.69,73.5,77.99
5.88,84.58,81.18,100.0,2.66,83.32,71.57
8.49,88.75,71.03,63.34,2.81,,75.4
5.88,54.03,57.18,51.51,3.28,73.25,50.13
6.66,57.81,70.16,38.68,3.79,91.41,65.17
4.41,80.52,72.88,66.58,3.15,94.23,64.7
5.13,69.42,73.49,65.57,3.28,64.07,64.48
3.61,93.74,,60.88,2.68,57.01,57.58
6.98,74.22,85.51,73.1,2.38,51.2,67.59
2.64,54.79,57.88,75.53,3.19,79.65,38.32
6.56,62.78,74.28,74.52,2.9,44.42,46.48
4.62,45.0,88.77,,1.95,61.21,45.69
7.34,75.19,49.45,54.58,2.6,66.54,56.57
6.5,75.74,74.34,79.32,2.75,57.45,68.55
8.64,72.91,64.39,70.18,2.49,69.2,63.31
6.46,90.95,67.18,82.44,3.69,100.0,90.45
1.86,92.38,60.24,81.06,3.09,63.18,54.68
4.87,75.96,69.8,50.1,3.62,58.47,61.05
2.66,52.38,95.94,49.92,2.96,80.23,51.81
3.96,85.41,55.56,59.42,2.85,68.59,61.47
8.02,84.66,56.8,55.21,2.24,86.59,60.9
6.28,81.71,55.07,80.57,2.81,67.47,60.36
3.6,89.78,94.46,74.92,2.81,61.27,61.03
2.97,64.02,65.99,85.39,1.98,38.24,48.71
5.07,100.0,71.67,75.55,2.48,40.7,66.93
2.57,66.49,66.76,,2.61,37.46,44.62
3.66,86.99,59.72,86.8,3.05,70.69,78.2
5.62,57.75,68.94,76.58,3.08,44.57,56.54
7.31,66.84,100.0,70.95,2.45,83.83,65.96
6.22,96.2,90.1,90.73,3.08,65.45,83.62
0.5,74.87,60.91,71.61,2.69,61.34,35.59
5.61,88.08,80.42,,1.08,52.34,51.08
5.14,80.84,61.19,58.27,2.51,74.33,52.52
5.83,76.74,48.91,79.84,3.45,52.93,58.25
8.23,94.37,85.25,87.32,1.79,50.22,69.12
0.87,75.16,87.08,69.29,2.87,82.83,61.59
3.82,56.63,85.6,88.31,3.75,70.32,66.98
6.18,68.36,65.89,42.42,2.34,61.48,46.48
1.84,84.61,69.83,69.22,2.8,74.62,57.03
7.95,82.75,81.75,69.44,2.02,65.13,71.05
5.74,59.2,77.09,59.82,3.78,70.75,64.23
6.69,69.31,66.88,100.0,2.75,52.75,70.04
3.86,71.02,50.95,69.07,2.83,96.06,52.04
6.63,73.61,,64.29,3.61,56.31,71.46
7.14,61.49,86.03,70.36,3.2,88.34,75.32
5.47,70.46,56.43,41.96,2.27,62.17,43.36
5.47,69.26,80.3,59.36,2.41,77.11,56.01
5.54,87.26,76.31,83.77,3.1,76.01,81.96
3.27,87.71,81.75,61.19,2.43,82.2,56.47
4.7,76.25,83.34,58.4,1.53,52.39,50.12
4.69,73.3,62.97,88.33,2.77,81.13,63.37
5.77,79.68,50.98,88.76,1.91,92.7,55.32
7.0,68.2,65.06,77.24,3.77,61.12,65.62
2.88,64.24,83.56,63.63,2.91,65.52,49.6
4.75,66.72,64.95,66.65,2.26,57.15,44.61
7.96,70.38,62.98,58.74,2.38,59.8,50.08
3.51,64.04,48.32,56.07,1.67,90.67,30.59
3.36,79.94,94.78,55.38,2.14,49.94,53.85
5.4,86.76,82.73,61.35,3.41,50.87,75.52
6.69,58.95,82.01,55.51,4.0,89.16,73.1
5.02,78.3,84.58,48.11,3.24,74.37,50.61
7.66,75.36,79.5,73.07,2.74,96.81,77.96
6.71,82.1,68.82,73.28,2.54,58.24,61.69
6.68,77.84,69.87,93.81,2.23,66.89,69.29
6.11,60.56,66.44,60.64,4.0,55.09,61.01
9.66,62.85,100.0,74.15,2.69,67.15,77.96
4.59,78.35,79.23,74.38,4.0,38.39,68.0
0.99,90.35,65.97,66.45,3.64,75.27,57.17
8.21,51.43,78.05,80.42,1.76,69.85,64.46
4.08,82.15,58.86,80.85,2.4,64.14,54.44
5.22,92.28,91.56,74.58,2.4,59.14,75.64
7.62,76.16,63.41,66.42,2.75,51.58,67.08
1.8,84.6,78.51,64.99,2.76,75.92,58.01
2.5,69.56,85.86,50.85,4.0,47.43,46.79
1.8,76.57,77.0,58.72,2.15,72.68,50.02
3.41,58.55,73.23,61.29,2.94,96.12,48.85
5.88,49.87,72.14,54.26,3.17,87.28,57.78
6.05,89.31,71.27,76.16,2.8,42.42,61.73
5.55,66.18,64.5,86.75,2.87,56.95,53.14
2.17,72.53,66.16,,2.17,71.32,50.12
0.5,61.36,91.23,73.97,2.86,63.95,42.45
5.11,61.08,70.59,55.52,3.11,44.01,55.58
4.06,75.91,61.78,65.73,3.0,70.78,55.14
5.92,69.25,65.29,60.34,3.14,64.85,55.93
6.4,82.54,86.3,78.43,3.65,93.71,83.33
5.28,83.43,80.78,60.5,3.36,61.2,61.12
6.52,81.85,79.28,84.16,2.84,82.52,75.23
5.46,80.86,68.65,66.56,2.1,45.99,47.85
6.06,96.93,79.45,60.91,2.44,49.58,64.45
3.59,65.19,,52.45,2.67,75.82,48.9
4.64,77.34,68.63,73.54,2.95,81.26,63.4
5.39,91.59,84.61,82.53,2.51,50.64,62.71
6.64,93.17,83.37,73.83,2.24,65.36,76.12
4.21,60.94,59.24,100.0,2.09,44.28,46.86
6.04,74.25,60.88,90.02,1.81,62.28,53.27
4.47,94.3,73.41,,2.66,77.55,68.62
4.76,84.1,94.44,65.55,1.92,58.48,59.65
6.66,80.34,47.1,,2.2,61.26,49.48
1.01,75.39,75.62,58.27,2.56,48.05,50.16
2.41,73.39,54.11,86.33,2.0,55.27,41.41
2.04,81.46,63.75,75.06,3.03,91.37,55.69
0.5,74.97,67.26,73.59,3.24,66.09,45.86
3.64,77.49,66.53,,2.47,49.97,58.1
6.5,78.94,65.06,94.12,2.54,60.28,64.32
4.43,69.86,72.09,72.39,3.12,41.04,47.85
5.4,84.39,65.04,68.42,2.37,49.79,52.93
7.18,100.0,52.99,91.12,2.33,85.41,80.81
7.66,56.68,82.14,83.55,3.52,62.86,76.85
4.86,81.89,81.79,65.51,3.33,93.36,69.9
7.71,68.88,82.96,70.07,3.16,63.57,78.58
5.18,84.93,51.97,72.74,3.36,64.46,65.93
3.33,78.56,75.89,75.07,1.61,74.61,48.67
3.81,87.14,80.79,51.01,3.61,24.91,58.4
2.04,92.11,58.59,48.41,3.04,68.07,50.46
3.22,80.31,72.12,57.58,3.41,64.27,52.93
4.28,91.58,70.49,56.49,3.03,87.29,64.1
6.61,49.87,95.95,60.99,2.83,79.47,63.77
8.44,97.09,97.02,78.89,2.63,47.99,77.14
2.24,82.5,50.36,67.63,3.02,83.63,48.97
5.79,90.93,100.0,72.75,2.61,61.07,74.11
2.92,63.36,60.1,52.86,3.32,51.43,47.43
5.95,68.03,84.75,63.54,1.85,67.96,45.96
4.74,79.75,84.62,78.22,2.48,61.96,61.64
1.34,77.8,59.06,78.33,4.0,88.08,56.42
6.86,81.4,78.41,59.86,2.42,70.11,69.72
3.79,91.01,70.6,72.26,2.66,68.08,60.8
3.93,56.82,79.21,,2.27,78.51,65.55
2.86,89.69,75.0,69.75,3.0,81.39,65.95
3.69,78.1,87.55,60.3,2.36,76.75,54.87
5.86,75.55,72.98,67.57,2.69,86.29,65.01
4.62,60.35,69.82,71.29,3.31,74.13,55.42
5.66,84.04,86.25,67.88,2.38,67.51,70.29
5.72,49.03,79.55,69.56,3.27,83.59,53.31
7.64,85.78,81.51,49.79,3.29,63.64,69.24
4.31,60.09,63.36,56.52,3.43,65.5,52.41
2.05,78.64,58.41,67.91,2.88,90.82,56.48
7.13,76.57,64.62,67.69,4.0,89.33,65.07
4.34,92.03,63.93,62.07,3.43,64.88,70.82
7.23,75.86,82.22,67.52,2.99,58.2,69.31
5.77,69.67,84.69,70.85,2.27,86.95,53.34
4.74,71.92,69.98,82.45,2.74,77.01,45.91
5.7,93.27,90.6,68.61,3.66,69.73,73.64
8.9,84.44,89.79,75.59,3.83,60.17,89.63
9.15,73.37,75.16,62.42,3.69,69.98,78.12
5.14,75.16,61.32,78.01,3.27,,65.19
5.32,59.19,92.48,75.26,2.05,55.03,52.37
7.15,82.66,71.21,82.12,3.09,66.94,68.91
3.31,56.88,73.64,79.99,2.06,68.98,42.78
5.67,87.02,67.59,78.24,1.91,59.37,59.35
4.95,79.54,60.43,68.62,2.94,78.56,60.83
5.63,100.0,52.91,73.43,3.11,84.33,66.6
3.33,64.8,80.23,84.89,3.34,79.55,67.03
1.82,76.77,61.82,60.87,3.1,60.86,42.91
0.85,99.58,100.0,61.2,3.12,76.34,61.73
2.77,92.3,57.88,72.54,2.21,66.17,47.86
4.08,69.65,55.65,75.81,2.74,46.46,53.12
4.41,80.69,78.63,58.46,1.9,75.09,52.49
8.87,78.02,91.88,68.95,1.6,67.19,66.52
7.21,81.38,72.84,68.68,3.24,100.0,81.25
3.08,69.62,79.44,38.99,2.35,86.86,55.61
5.7,76.93,48.03,66.93,3.32,75.67,60.26
4.19,58.82,63.19,67.8,3.47,68.74,58.88
4.43,79.62,58.04,67.76,2.43,67.46,56.89
5.37,83.4,47.36,89.82,3.15,49.94,58.67
6.24,75.27,73.52,52.98,2.4,38.92,53.27
4.32,58.62,42.84,58.46,1.69,51.91,22.05
7.13,89.86,54.81,33.43,2.87,64.28,56.42
2.72,82.37,65.02,63.27,2.52,33.42,41.57
5.01,69.29,61.19,64.46,2.54,56.84,47.22
10.2,74.63,77.15,62.86,3.99,61.29,80.43
5.45,59.99,75.97,85.51,1.88,61.77,51.35
7.87,65.7,83.62,82.05,3.03,55.07,74.84
5.18,71.55,81.78,71.09,2.2,59.88,56.15
6.16,92.74,86.83,64.81,3.34,90.86,71.38
4.89,70.33,71.98,84.37,2.98,74.93,59.73
4.66,85.68,75.95,69.72,3.03,56.6,56.58
3.44,71.54,78.65,58.54,2.23,63.97,48.95
5.86,80.98,73.84,45.97,2.34,64.58,57.74
3.3,76.3,66.84,63.82,3.36,53.48,55.22
6.33,88.48,67.68,80.57,3.86,53.46,72.77
7.17,71.58,61.37,100.0,3.09,80.16,74.58
5.73,59.13,77.48,70.86,2.26,58.7,50.26
4.43,61.42,70.78,59.29,3.0,48.58,42.93
5.91,71.62,63.38,53.41,4.0,64.35,66.75
4.38,63.01,63.39,77.73,2.86,66.77,56.76
6.87,82.92,56.26,45.3,3.68,35.41,64.67
1.34,72.41,84.72,77.7,2.36,64.39,46.14
4.33,100.0,73.02,81.45,2.77,78.02,77.36
1.02,57.15,60.78,76.11,3.17,71.77,38.99
2.01,80.44,82.51,66.92,3.04,98.45,63.79
7.73,64.46,64.71,77.91,2.34,83.77,60.0
6.79,72.08,53.72,72.39,2.31,86.73,56.62
3.56,79.7,85.28,59.11,3.39,,54.88
1.99,50.1,65.02,95.91,3.51,76.37,49.99
0.5,80.84,66.68,65.08,3.71,67.45,51.95
3.91,100.0,72.54,80.86,3.88,79.61,76.47
9.84,72.56,86.85,36.14,2.88,56.61,78.25
5.87,81.12,72.26,87.87,2.61,66.62,62.04
3.88,90.3,56.41,90.56,3.61,55.28,64.03
5.93,76.03,79.07,70.42,3.23,70.97,64.56
1.88,71.03,65.7,77.82,2.21,55.22,39.23
4.41,50.69,96.54,77.82,2.18,54.7,57.02
5.2,85.69,71.99,61.0,3.1,71.2,72.18
4.83,76.64,42.94,77.66,2.69,62.93,47.49
6.58,65.85,76.65,58.68,2.78,36.09,52.02
5.69,79.52,97.28,61.48,3.44,43.17,65.49
6.34,71.0,92.49,85.78,3.26,47.79,80.44
3.62,71.66,95.8,83.65,3.6,51.76,74.75
6.8,85.28,58.74,60.11,1.64,71.22,53.61
8.26,61.94,83.86,59.73,2.95,68.28,60.48
3.06,90.57,62.61,,3.22,80.98,52.48
3.22,61.23,74.92,80.26,1.88,76.29,47.2
7.67,70.05,55.45,56.0,2.41,81.08,58.88
4.62,100.0,63.62,74.99,2.3,74.13,53.24
7.81,91.53,63.21,80.46,2.81,68.15,73.36
4.11,79.17,83.68,68.76,3.78,81.49,79.18
7.91,66.71,82.41,84.14,4.0,78.79,82.23
5.26,71.65,75.6,65.74,2.31,70.64,63.35
5.52,78.88,54.44,,3.12,84.07,64.18
8.13,78.45,67.95,56.32,3.14,29.81,58.49
4.28,76.91,62.3,84.24,3.03,60.64,58.04
3.12,77.63,83.31,59.27,3.04,60.41,55.78
4.1,75.43,87.32,74.9,2.98,82.29,61.59
5.9,60.7,85.73,69.0,3.81,88.57,66.77
1.87,71.8,62.18,55.26,3.46,43.25,51.02
6.27,88.98,36.39,61.47,2.16,86.17,48.13
3.92,61.58,49.03,89.36,3.28,47.43,55.15
7.3,75.73,90.48,72.82,3.34,47.88,73.27
0.5,68.16,66.78,55.87,2.99,61.49,37.93
3.43,79.34,62.24,74.27,3.48,60.23,61.33
1.63,73.34,93.35,67.95,2.91,41.62,49.09
3.35,95.73,88.45,100.0,2.92,74.75,79.89
5.5,84.08,72.32,73.99,2.87,75.19,57.12
4.64,62.26,68.19,64.67,1.59,80.81,45.65
4.49,86.05,70.28,89.88,2.75,58.5,52.92
4.68,68.7,74.95,44.23,2.4,64.41,45.96
5.41,71.08,92.8,71.32,2.09,64.54,64.84
2.98,81.77,77.49,97.92,3.66,90.32,77.29
6.41,72.1,81.44,68.37,3.1,22.49,55.71
6.33,88.71,87.2,45.73,2.78,50.65,59.63
5.77,68.71,56.79,64.46,2.46,65.08,47.06
6.11,70.57,81.81,90.36,2.98,48.72,69.72
5.59,70.12,68.17,75.26,3.39,61.13,53.36
9.07,71.21,39.29,58.26,2.3,63.11,53.3
4.83,91.19,44.33,60.41,2.8,55.13,53.95
4.39,85.55,58.76,62.16,3.32,65.97,57.86
3.49,98.52,78.91,75.06,1.64,74.42,61.94
2.94,100.0,73.48,88.73,2.77,61.46,67.96
2.51,65.63,74.4,84.73,2.54,58.2,46.76
3.22,78.85,97.36,76.38,2.72,62.51,54.22
4.86,63.89,55.5,51.36,2.5,64.89,42.92
5.67,68.67,71.64,51.41,2.88,38.9,46.69
5.1,70.44,75.96,77.47,3.95,71.92,67.9
3.47,65.31,62.43,51.16,2.61,58.23,42.89
6.8,65.38,72.37,66.84,2.98,83.92,71.53
6.48,76.27,51.2,74.26,4.0,73.87,69.08
4.68,63.4,90.33,54.07,2.47,82.55,58.12
3.69,88.11,63.14,55.66,3.89,49.83,52.86
6.1,66.99,98.41,68.68,2.8,59.43,68.38
5.38,100.0,71.58,77.05,3.87,46.36,77.27
2.1,72.58,85.36,84.86,3.25,54.42,65.45
4.86,78.86,71.31,78.5,2.98,83.78,63.42
5.52,62.46,71.6,71.03,2.76,87.31,57.66
3.2,98.47,64.41,59.55,2.43,47.78,57.7
5.38,91.43,73.55,,2.85,58.13,62.5
2.09,81.56,76.13,62.85,3.34,63.86,50.47
7.67,61.84,61.8,75.74,2.79,73.78,74.83
7.5,80.53,70.37,74.71,2.61,38.6,59.86
4.49,64.54,64.07,40.6,2.65,40.95,39.11
5.73,95.55,100.0,59.0,3.4,72.34,82.87
0.5,87.71,70.83,86.86,3.54,35.76,56.99
2.69,79.15,92.09,71.11,2.4,58.3,55.34
4.41,48.76,69.46,50.16,2.4,67.43,37.82
2.86,66.2,75.37,100.0,3.03,71.23,59.2
6.43,86.25,54.82,69.59,3.72,62.87,63.77
8.99,92.55,66.19,75.38,3.49,59.51,93.63
2.65,91.31,74.74,75.59,2.05,77.67,55.11
3.33,58.9,92.62,64.85,2.64,69.28,55.38
5.47,81.62,74.89,59.81,2.24,55.29,54.48
8.22,90.19,89.99,99.7,2.64,65.57,85.81
2.56,58.1,80.33,84.04,3.76,70.75,57.11
5.5,77.91,93.16,81.51,1.95,90.77,60.71
8.64,81.29,71.23,78.07,1.83,76.79,68.42
1.7,74.39,100.0,55.95,2.3,83.22,50.37
2.44,55.77,65.69,87.89,2.97,55.84,52.33
4.15,74.09,62.04,58.2,3.17,57.14,45.93
3.96,74.07,56.27,73.97,3.06,61.47,50.3
6.63,76.22,100.0,47.05,3.51,62.85,68.68
5.48,71.24,82.65,41.43,1.74,49.88,52.7
1.45,72.68,67.66,74.46,3.51,83.99,50.38
6.03,77.52,88.24,58.67,2.61,78.25,68.93
3.84,83.31,80.94,42.15,3.24,60.41,62.18
7.55,74.35,97.56,77.57,2.01,74.63,71.71
3.74,73.08,51.88,99.68,2.8,68.34,49.29
3.73,79.11,68.55,89.45,2.94,,56.33
6.08,54.95,65.99,66.4,3.49,44.84,59.28
6.53,83.72,46.34,70.12,1.85,62.82,45.5
5.9,77.99,85.78,82.43,2.82,64.13,72.88
1.63,78.48,68.48,85.71,2.15,74.35,49.55
6.08,89.53,,65.19,3.1,55.57,73.16
2.93,54.57,100.0,70.48,3.27,27.5,55.08
5.47,54.31,67.41,74.21,3.57,48.77,51.68
2.15,81.29,66.53,77.75,2.48,64.08,45.41
5.89,77.91,73.54,68.14,3.36,65.96,71.25
3.39,80.04,84.83,68.32,3.62,90.26,66.1
2.43,72.45,64.63,89.32,1.81,73.74,32.54
6.43,85.97,63.8,86.93,3.17,66.22,75.99
5.48,89.19,85.74,76.68,3.38,64.51,71.55
3.77,83.81,76.92,94.07,2.64,81.56,69.75
7.9,74.87,45.42,64.59,2.07,56.15,58.93
4.12,52.71,56.07,92.72,3.37,62.9,52.83
5.06,87.23,91.52,77.6,2.08,48.66,69.75
5.54,92.66,77.23,100.0,2.69,86.28,79.79
3.76,85.73,62.09,53.31,2.78,70.89,60.55
5.94,67.44,69.78,60.35,3.23,54.39,52.88
3.93,86.09,72.17,,2.42,63.28,58.56
4.18,88.33,81.56,75.56,2.39,72.64,67.46
7.73,96.71,54.34,97.3,2.86,61.24,76.68
2.92,67.49,61.07,60.64,3.4,56.98,53.28
0.5,75.28,75.55,82.67,4.0,55.19,55.2
8.22,86.97,70.7,86.27,1.9,70.08,81.99
10.1,78.69,79.43,79.87,2.99,59.63,93.27
4.19,64.59,56.02,56.55,2.15,58.19,39.75
1.13,82.98,76.64,89.71,3.41,44.96,61.4
4.38,84.94,86.19,87.21,2.24,66.16,71.86
4.43,79.06,78.33,78.39,2.4,62.28,53.82
4.62,80.64,73.81,72.86,2.45,60.18,51.68
2.77,74.9,70.75,73.17,2.75,67.98,58.89
6.16,95.74,61.15,68.9,2.99,76.22,71.5
6.05,67.19,71.06,78.97,3.09,75.52,64.1
2.01,70.95,88.38,70.44,2.8,73.29,54.65
6.4,78.13,70.45,58.12,2.0,61.39,42.94
9.11,88.55,60.43,55.32,3.24,56.5,71.47
5.34,60.03,65.6,59.47,2.77,49.34,43.94
4.33,62.28,74.61,73.11,3.5,56.1,62.71
4.72,53.55,67.14,69.62,2.38,65.29,50.3
6.23,78.39,78.31,73.01,1.84,53.21,61.34
1.54,64.58,78.8,77.01,2.78,66.44,50.24
5.33,73.39,83.56,61.22,3.58,50.52,57.81
4.22,85.94,90.51,90.52,2.9,40.09,72.67
8.7,70.3,84.95,66.25,2.68,77.29,76.28
4.65,80.78,59.85,63.93,2.28,57.88,56.3
8.34,74.41,60.25,76.75,3.85,52.44,84.78
2.79,86.07,71.01,44.29,2.18,48.59,34.33
6.17,83.7,66.13,58.93,2.36,71.35,57.23
5.64,69.7,57.2,83.74,3.14,85.62,59.65
3.26,75.98,66.26,45.68,1.69,58.95,37.65
5.35,90.52,65.83,85.65,3.56,61.77,73.93
7.43,82.72,63.27,91.16,3.17,81.07,76.38
4.35,61.24,67.89,64.83,3.34,37.84,55.15
1.62,85.87,87.32,74.09,3.13,94.5,59.43
4.96,64.98,74.59,85.67,2.7,100.0,58.71
3.2,94.95,100.0,63.46,2.16,24.4,53.27
4.32,90.29,74.22,82.15,2.72,63.54,64.16
4.84,81.48,68.23,60.6,2.21,54.22,45.67
1.59,79.89,72.05,63.31,3.09,61.03,50.09
1.77,75.49,75.33,58.81,3.28,58.72,49.47
5.96,86.14,77.66,74.8,3.69,77.18,74.1
3.95,73.55,99.0,86.21,3.02,63.31,74.04
0.5,80.83,61.01,67.42,3.35,,45.22
6.57,88.46,83.17,52.2,2.62,62.42,72.12
5.54,71.26,74.7,54.84,2.51,72.72,54.42
3.57,70.61,51.58,75.52,3.08,47.24,47.75
2.37,63.67,82.02,95.82,2.57,40.31,48.61
6.67,65.23,88.48,75.51,2.96,94.89,72.59
5.7,56.06,60.86,64.58,2.16,55.36,46.8
9.77,86.76,71.88,80.73,2.27,62.94,75.36
5.84,99.71,49.57,66.65,3.18,59.03,68.19
5.78,95.1,55.64,64.7,3.33,73.22,63.97
4.67,58.49,85.62,56.58,2.21,91.59,55.5
6.63,86.7,65.94,89.72,3.2,73.7,73.4
6.25,95.07,57.59,34.45,2.48,42.22,56.21
7.5,72.52,74.98,81.17,2.81,44.24,67.89
3.96,79.22,65.21,63.51,3.65,59.02,67.13
4.13,53.91,65.88,64.26,3.28,60.98,42.46
4.04,81.2,81.61,93.69,3.28,39.17,60.73
6.58,65.24,56.9,60.0,3.95,77.29,60.51
8.0,80.4,60.23,60.48,2.38,48.71,52.52
4.08,59.27,74.0,68.17,2.21,87.4,41.94
4.15,84.51,84.6,75.79,2.37,92.31,69.02
5.63,90.29,88.1,63.81,2.65,61.28,69.07
4.51,68.6,63.35,47.97,1.39,71.58,34.53
6.9,64.36,84.19,57.88,2.68,46.52,56.86
0.5,52.13,61.81,87.94,2.47,74.36,33.22
3.35,74.8,95.74,71.05,3.27,57.53,72.71
3.44,71.02,57.26,76.32,3.01,48.69,45.56
0.5,59.39,89.27,66.34,2.44,60.66,33.62
3.07,83.44,63.47,60.77,3.15,58.01,57.11
3.17,72.6,98.17,93.49,3.23,60.12,68.53
4.6,65.09,,67.37,2.34,79.25,64.49
7.23,71.35,58.79,63.79,2.5,53.22,52.82
4.51,90.86,65.21,85.35,1.46,91.03,62.9
2.94,85.24,82.16,59.89,2.15,45.12,55.17
4.89,76.44,85.68,61.67,2.35,89.23,58.82
7.1,85.43,71.08,70.14,2.84,49.75,64.43
3.05,64.07,72.58,70.0,2.23,64.98,48.44
3.18,78.39,81.86,73.63,2.49,57.65,58.45
6.12,79.77,73.71,99.28,2.06,59.84,59.39
4.56,72.36,55.18,74.71,2.9,77.02,49.4
6.29,83.23,61.43,36.71,3.06,87.5,46.87
4.97,68.63,75.06,74.57,3.04,82.86,66.04
6.4,84.12,87.8,70.53,2.81,58.93,70.44
2.93,84.62,93.01,70.61,1.88,67.76,55.71
4.98,42.99,82.13,73.44,2.43,53.27,38.28
4.58,92.28,75.73,69.6,2.56,50.13,56.42
2.57,41.43,81.73,69.26,2.56,47.81,35.17
1.87,70.61,63.33,78.58,2.84,58.44,43.22
6.37,90.3,70.01,62.41,3.66,68.74,74.6
4.3,74.19,61.29,56.73,3.29,36.32,52.94
2.96,60.41,55.77,100.0,2.21,64.3,56.39
4.81,64.88,76.34,59.98,3.21,87.74,59.57
7.26,90.32,74.41,71.4,3.18,81.83,84.18
0.5,54.94,80.94,49.06,2.32,56.22,25.8
2.01,91.55,79.1,71.63,3.31,44.05,51.63
3.15,77.34,75.15,56.93,2.7,71.9,50.37
7.92,63.69,79.24,63.81,1.95,30.24,46.13
5.57,71.0,71.45,84.63,3.07,81.65,67.44
6.53,65.79,77.37,76.61,2.93,61.8,60.77
2.72,88.39,62.56,77.96,2.66,92.47,48.87
2.76,86.79,76.81,45.2,2.78,39.1,57.08
5.9,57.37,80.69,95.72,2.37,78.77,60.52
5.12,73.16,63.29,53.31,3.17,63.49,46.36
6.1,67.64,72.67,91.4,2.77,60.03,69.33
4.62,93.52,63.89,84.3,2.9,44.45,60.77
5.56,61.8,65.16,78.08,3.01,73.94,64.14
5.32,97.25,57.38,58.03,2.11,75.14,53.44
6.56,77.6,,72.12,2.26,91.78,67.67
6.61,64.06,85.85,63.41,1.47,80.12,56.51
1.76,69.87,78.99,70.41,3.14,56.09,53.77
0.51,68.38,97.64,66.5,2.07,49.94,46.07
7.0,62.7,69.54,41.46,2.88,44.47,50.46
7.38,79.14,100.0,85.7,3.02,87.1,88.6
2.96,63.27,69.04,68.86,3.16,53.33,52.07
1.28,51.84,75.32,63.21,2.08,87.2,36.19
5.2,73.44,66.83,62.16,2.76,72.88,55.69
6.86,56.37,76.84,75.02,3.8,69.95,62.03
8.6,68.97,82.86,57.49,3.83,60.4,79.04
6.03,67.09,70.52,38.43,3.39,74.91,57.06
4.26,67.55,95.1,75.7,3.0,64.77,62.37
3.21,100.0,75.11,77.27,2.2,59.46,67.1
5.02,78.68,75.52,67.21,3.23,75.44,58.7
4.4,80.94,60.18,53.93,2.71,62.84,59.02
2.97,56.68,77.44,71.25,3.14,53.02,48.81
9.1,70.15,70.26,49.5,2.42,74.0,64.57
8.57,80.58,64.09,55.62,2.7,64.04,63.76
7.27,65.71,61.91,59.49,2.9,72.33,50.45
3.16,88.9,100.0,81.82,2.95,58.19,70.28
6.71,63.57,68.57,64.92,3.1,46.86,59.63
6.28,74.56,53.06,63.73,2.45,91.03,59.62
5.89,70.97,62.92,97.37,1.99,88.2,60.48
7.5,79.97,71.33,74.93,3.77,78.26,68.44
6.27,70.31,79.11,74.75,4.0,59.18,65.8
6.48,74.75,79.21,64.82,3.07,60.5,76.66
6.27,75.17,80.8,61.65,2.01,,55.22
5.68,69.19,63.62,39.39,2.34,59.69,51.67
1.43,83.82,76.43,83.56,3.11,55.51,52.64
5.17,80.86,60.61,76.28,3.6,93.08,68.9
3.89,76.94,63.94,67.49,2.07,64.28,50.75
2.44,72.83,60.07,68.08,2.73,91.53,44.73
8.36,87.56,56.55,80.31,2.92,44.02,78.74
8.46,75.17,85.83,48.23,3.32,72.77,74.62
7.72,74.32,80.95,61.74,2.59,,73.17
5.51,79.26,84.7,54.09,1.86,65.45,54.09
7.7,98.36,72.51,94.8,3.17,61.04,89.02
5.02,61.92,82.1,82.26,3.47,47.48,71.56
5.41,87.24,49.1,39.16,2.75,81.24,51.15
2.81,55.28,83.22,48.81,3.04,53.45,51.98
5.79,80.61,74.3,68.15,2.52,63.58,58.84
5.12,96.9,80.15,63.39,2.29,46.48,66.57
2.39,83.86,76.94,51.46,3.42,88.35,61.38
4.9,80.05,59.17,97.23,3.03,,62.43
4.84,71.27,52.53,74.38,3.09,64.53,55.54
8.6,78.37,62.74,76.65,3.7,47.69,75.55
6.79,74.98,79.34,60.31,2.17,88.04,58.71
5.02,68.57,,80.11,2.47,59.51,60.92
5.5,74.52,54.22,64.67,2.89,48.42,53.02
5.09,80.38,59.25,66.03,2.46,38.57,50.24
4.59,68.79,62.6,78.55,3.27,55.31,56.84
2.84,68.32,67.36,47.19,2.69,43.18,38.44
4.7,61.68,54.29,92.36,2.2,55.66,45.71
3.51,82.69,53.51,72.55,2.84,76.17,54.67
2.5,84.54,61.32,87.93,2.9,59.37,53.0
6.02,80.78,73.12,54.94,3.36,70.34,79.57
5.78,89.58,56.65,57.08,3.04,54.15,52.57
1.43,79.05,70.49,53.73,3.08,65.98,44.15
4.75,82.7,85.76,73.5,2.99,93.81,69.39
6.99,81.65,55.08,70.92,2.69,59.77,71.72
7.12,76.9,69.32,63.5,2.37,70.77,55.13
7.05,71.63,85.32,55.8,2.97,41.52,65.66
5.08,100.0,66.56,52.27,2.6,87.8,65.5
3.31,72.58,64.54,69.32,3.81,57.84,58.96
2.83,70.01,87.13,63.48,3.61,80.76,68.01
5.69,83.21,68.02,60.4,3.18,63.15,69.69
5.76,81.02,86.36,91.66,3.03,74.17,74.81
7.57,61.14,77.58,68.85,2.75,75.07,65.56
7.2,91.47,67.54,87.78,2.04,58.21,59.78
4.74,76.87,78.24,62.53,2.67,81.38,60.86
2.51,64.67,76.17,73.43,2.86,53.62,44.66
4.36,92.27,85.27,69.22,2.94,76.67,69.54
5.43,85.51,64.87,46.23,3.08,59.15,49.36
4.6,62.83,72.54,90.0,3.35,70.24,65.57
3.84,99.33,71.2,68.11,2.38,58.07,51.65
5.51,85.91,81.15,80.45,2.39,65.75,68.39
3.99,77.88,58.67,59.47,3.67,48.88,48.73
3.74,97.08,85.22,67.69,3.26,68.71,67.16
5.62,79.91,78.06,57.86,2.57,65.66,66.08
4.2,77.66,54.88,87.3,2.74,56.9,58.13
5.49,70.08,87.71,74.36,2.74,64.17,70.28
5.55,84.98,100.0,75.14,2.82,67.01,83.33
2.72,83.72,85.02,89.01,3.08,55.75,61.52
4.04,78.18,90.55,86.19,4.0,63.07,83.95
7.88,68.52,73.11,80.71,2.91,49.92,60.72
2.68,79.56,50.4,50.1,3.2,100.0,52.91
0.77,77.16,48.03,60.26,1.79,80.89,28.3
1.28,62.0,75.32,55.95,2.51,69.1,33.56
5.06,60.34,64.3,80.19,3.54,82.58,64.99
5.06,84.78,60.11,72.39,3.04,35.31,62.85
4.76,46.78,71.18,50.53,0.5,26.63,24.58
7.43,80.46,80.0,67.36,3.2,59.01,74.45
0.5,72.26,53.11,49.08,3.95,44.32,39.37
5.79,93.7,66.16,69.26,1.6,61.45,59.96
8.12,72.08,91.63,46.82,3.71,68.08,77.41
2.74,85.91,58.02,77.4,1.14,78.81,45.45
4.24,73.24,83.31,75.29,3.36,47.93,64.32
3.49,79.36,65.7,96.71,2.79,70.99,65.93
3.21,86.84,79.1,81.87,1.39,65.22,44.52
4.35,72.45,86.27,64.08,3.07,70.21,61.35
7.85,89.96,81.64,81.45,3.49,57.2,77.53
8.67,66.08,83.82,50.43,3.02,85.75,72.11
4.33,81.54,57.03,56.53,3.15,63.45,62.15
8.81,89.07,86.48,74.66,2.55,91.61,81.81
5.07,85.92,60.91,39.78,1.68,53.14,43.03
8.51,100.0,75.37,69.48,3.22,76.14,89.41
4.81,68.84,75.36,55.72,3.85,64.1,51.37
5.26,61.45,78.31,71.42,3.48,60.08,59.29
5.73,66.07,76.38,54.91,1.61,74.48,49.67
11.36,85.93,61.03,75.94,1.89,60.51,59.79
6.7,83.98,54.45,70.27,2.29,25.07,48.78
3.59,79.23,83.34,89.61,1.84,19.06,57.36
6.94,64.52,74.42,70.09,2.83,84.09,69.94
4.28,87.2,86.94,59.24,3.04,83.45,69.73
4.02,63.3,71.42,66.54,1.94,93.31,52.09
6.82,91.91,53.73,51.18,3.27,64.74,65.57
5.06,100.0,84.56,75.69,3.16,45.61,77.61
5.56,82.4,67.19,78.26,2.47,58.71,59.59
5.03,85.0,76.45,100.0,2.7,65.17,72.12
5.67,72.09,63.58,61.29,1.63,49.89,41.38
5.85,56.28,93.38,66.25,2.6,89.73,68.67
1.13,70.77,60.6,61.94,2.8,98.59,51.56
6.33,64.89,67.61,72.97,2.9,72.17,67.64
3.04,60.64,73.4,75.34,3.03,64.84,49.03
2.12,98.67,57.8,69.25,2.95,45.58,48.32
4.88,81.27,76.3,85.21,2.64,88.2,74.73
5.17,82.56,92.95,61.36,2.97,66.14,71.41
3.61,74.29,65.62,83.81,3.4,60.66,61.8
6.66,75.93,77.14,77.54,2.74,72.22,65.85
2.32,89.57,36.26,69.83,2.99,56.21,47.34
4.19,77.61,71.49,65.59,2.69,67.2,50.43
3.83,84.37,67.93,100.0,2.41,,62.96
4.91,75.65,61.36,58.56,3.11,81.31,64.33
5.56,73.89,86.06,74.17,2.47,63.43,71.63
2.98,61.12,67.76,59.5,3.03,82.38,51.06
6.45,54.27,69.69,95.0,2.82,61.98,54.48
5.13,74.86,67.1,82.42,2.62,62.96,60.6
1.22,78.68,47.08,60.5,2.6,46.82,45.13
1.08,62.57,57.28,77.18,2.5,76.4,33.96
4.98,77.59,84.49,73.61,1.81,51.86,55.6
4.56,78.65,44.57,62.77,3.03,57.7,56.59
4.79,52.13,62.04,80.61,2.94,65.02,53.57
4.94,67.02,66.8,75.45,3.31,66.82,72.35
5.45,82.89,94.67,73.02,2.48,39.41,62.41
6.9,82.64,81.99,69.41,3.94,61.54,74.65
2.78,64.16,64.76,76.03,2.57,76.93,53.19
2.66,79.9,88.96,73.21,2.27,59.32,49.21
2.81,90.27,62.37,70.83,2.2,,49.34
5.58,87.32,85.12,61.03,1.76,67.44,59.79
7.49,76.86,54.33,93.71,3.72,63.11,80.37
4.14,72.38,85.95,55.29,3.62,49.54,63.66
0.5,70.45,66.72,75.99,3.16,64.45,48.02
1.59,83.61,58.63,65.52,2.26,79.91,42.09
3.33,80.34,69.18,94.63,3.89,49.23,73.82
3.88,85.55,75.61,57.35,2.59,59.38,75.51
4.18,79.58,65.57,59.71,2.64,44.28,53.35
5.08,87.83,79.2,56.42,3.66,79.12,72.21
4.38,79.14,64.42,74.53,3.2,63.61,54.01
7.1,87.42,80.06,50.78,4.0,52.25,72.81
3.65,88.45,77.75,63.3,2.95,66.38,60.52
3.28,68.35,71.21,39.87,2.56,46.95,36.51
5.96,56.3,66.26,73.37,2.43,49.5,49.36
1.93,96.52,73.97,63.0,1.69,43.1,54.2
5.78,81.08,79.15,49.17,2.63,49.0,64.0
5.21,57.43,98.8,85.2,3.49,85.36,72.74
4.71,69.43,84.21,51.69,3.16,54.0,50.77
8.18,87.26,84.69,81.16,2.81,71.99,88.72
3.76,74.64,100.0,60.19,2.2,52.46,55.21
9.12,71.86,78.71,92.42,2.94,76.39,72.99
4.55,94.81,78.3,80.49,3.41,49.61,76.41
2.45,65.43,81.15,55.89,3.06,65.59,54.0
5.14,68.42,58.88,57.16,2.9,65.79,38.51
2.85,80.54,66.23,78.48,2.32,99.92,51.56
3.5,82.69,65.42,66.33,3.32,74.46,59.06
5.79,83.96,80.42,67.63,0.92,56.11,55.5
6.11,88.93,69.74,87.81,3.03,75.28,72.52
3.76,80.38,73.8,59.52,4.0,97.07,64.43
6.97,83.87,86.14,71.28,1.89,40.56,67.44
7.32,74.89,83.22,83.36,2.66,52.36,68.59
7.87,78.75,69.9,81.33,2.8,61.45,74.36
6.06,79.29,63.29,67.77,2.52,58.74,52.5
7.73,80.58,86.76,65.96,3.42,60.01,71.2
1.24,87.27,82.06,45.66,3.08,45.44,52.45
4.36,84.66,51.12,55.21,2.89,86.06,55.19
3.27,78.53,67.93,74.46,3.28,43.66,60.52
5.24,68.29,74.15,68.07,2.81,62.0,54.73
3.86,78.81,82.12,71.05,4.0,80.69,67.85
4.67,77.66,83.83,84.55,2.89,64.55,74.21
8.76,80.32,75.69,53.38,2.92,50.31,61.71
4.66,100.0,79.61,66.69,1.77,44.77,65.2
5.83,71.71,72.83,72.64,2.47,61.55,65.3
4.54,83.07,63.24,60.14,3.49,53.64,63.73
5.15,90.82,68.6,90.04,2.0,68.08,60.71
5.01,79.18,72.25,82.72,1.51,43.98,47.59
5.9,100.0,71.55,74.06,2.82,77.2,73.3
7.33,73.46,47.49,95.12,3.62,66.73,64.8
8.29,81.89,66.83,49.02,2.83,67.85,61.21
5.62,68.41,72.73,69.89,2.6,86.62,63.41
6.18,73.78,68.34,75.13,1.68,58.43,56.62
2.7,80.99,68.79,57.2,3.07,54.11,45.41
4.82,88.16,78.34,74.21,3.2,56.78,72.26
6.88,81.83,57.97,54.51,1.73,62.11,53.21
6.73,93.11,50.84,79.67,3.48,63.64,80.08
5.42,76.86,67.47,84.81,3.26,52.54,68.49
6.77,74.01,81.93,73.81,3.48,34.65,75.36
5.98,100.0,93.94,44.06,3.15,56.59,76.39
7.4,82.73,82.17,56.46,3.19,70.4,78.32
5.58,69.37,52.91,77.91,3.11,67.04,51.15
4.29,69.67,68.98,70.3,3.32,82.99,59.79
5.67,66.69,75.34,32.28,1.71,94.33,44.9
0.5,89.24,74.31,87.4,1.9,76.39,48.92
5.77,73.63,79.01,71.91,2.36,85.74,65.44
0.5,79.53,60.08,58.53,2.72,76.5,43.99
1.55,77.24,72.84,83.93,3.03,90.65,60.01
5.9,86.78,77.46,60.51,2.99,92.76,70.18
5.96,67.84,82.73,60.36,3.47,79.27,63.86
2.68,65.09,61.53,75.02,3.49,75.6,58.15
3.58,80.69,67.51,94.93,2.28,61.92,59.23
7.74,85.21,36.85,92.73,2.94,64.38,62.48
4.03,81.99,63.92,75.04,2.29,59.93,52.09
9.49,68.29,65.18,76.47,2.69,74.32,62.15
5.0,86.13,58.75,81.08,2.99,54.19,62.44
5.82,69.07,74.15,52.4,0.75,62.13,38.81
8.23,71.74,71.27,79.02,4.0,29.67,72.27
5.26,66.67,42.63,59.72,3.14,90.85,58.79
3.0,93.61,74.8,74.46,2.44,61.69,53.14
4.78,85.6,59.93,66.82,3.96,71.83,71.27
4.93,85.26,78.31,77.02,2.59,86.87,78.95
2.27,92.97,55.34,71.65,2.88,69.5,59.16
4.49,100.0,72.39,26.98,2.51,86.67,56.76
3.52,57.49,68.32,72.5,3.79,46.37,46.88
6.85,69.14,75.94,78.99,2.74,100.0,63.7
5.07,70.61,73.62,76.24,2.89,81.31,60.67
4.43,67.79,68.68,68.56,3.52,68.14,55.82
4.79,65.07,52.03,92.99,3.15,86.38,56.15
5.45,74.4,52.8,74.36,2.77,47.47,51.37
6.23,63.4,64.41,76.13,3.47,60.67,61.99
3.0,82.02,71.89,84.62,4.0,86.66,73.7
2.92,78.62,64.09,75.08,2.99,36.99,44.52
7.21,83.77,80.13,57.43,2.87,73.41,67.31
4.18,84.09,68.37,35.86,2.9,72.98,51.29
2.17,85.24,59.45,63.32,3.59,94.54,57.3
5.89,73.52,68.38,80.65,2.44,41.26,66.54
5.93,100.0,74.94,65.06,2.63,89.14,74.49
1.94,80.81,76.22,81.22,1.88,56.61,39.77
5.46,55.65,96.42,72.08,2.09,58.29,57.49
6.47,65.97,63.3,88.03,2.49,46.67,60.39
5.75,57.11,71.04,65.87,2.77,48.68,50.52
6.26,78.21,77.54,76.55,3.86,71.05,70.85
2.19,76.54,71.7,77.08,3.12,48.32,61.77
5.66,72.38,65.49,91.02,2.25,76.1,55.59
4.39,100.0,51.86,46.11,2.36,55.06,53.11
4.03,84.59,65.36,63.58,3.62,46.8,61.14
6.74,86.71,58.04,81.88,3.48,57.08,75.11
7.96,66.83,49.55,91.64,2.82,70.05,73.3
8.59,66.01,61.66,73.36,2.53,60.84,65.12
7.63,78.44,58.39,65.9,3.47,65.51,66.08
4.78,80.08,79.59,80.6,2.2,75.44,67.98
5.71,55.72,79.81,82.16,3.04,81.24,60.5
6.53,75.84,60.25,64.96,4.0,60.35,68.91
5.24,78.17,68.62,74.62,2.92,49.34,53.88
5.26,75.42,47.84,86.53,2.33,66.14,48.23
6.65,68.24,65.57,96.47,3.05,72.06,69.73
4.88,71.53,77.19,80.4,2.52,43.09,58.8
3.54,75.88,82.72,70.62,1.96,51.64,41.95
4.17,79.09,62.73,69.24,3.22,54.21,59.41
6.27,85.26,85.67,77.8,3.47,61.88,74.29
5.01,90.97,52.3,68.38,2.61,53.58,62.26
5.68,74.47,55.78,72.65,2.57,75.61,54.64
6.34,72.53,81.23,55.19,2.22,40.92,48.69
4.25,83.25,93.72,88.16,2.71,41.3,68.32
6.51,85.33,78.41,54.04,2.46,59.99,58.26
5.76,72.79,71.48,63.95,2.19,62.37,60.53
2.53,87.48,43.46,71.37,3.94,43.18,53.37
7.88,89.76,,97.87,3.08,55.9,73.12
4.0,93.5,73.68,64.08,3.14,58.98,67.05
1.69,99.34,67.35,60.68,3.33,59.1,52.49
2.91,67.6,57.62,62.29,3.26,67.28,40.64
2.96,78.17,72.85,93.22,2.55,55.08,59.09
5.1,78.14,73.5,30.63,2.96,87.17,49.85
4.45,76.82,84.28,55.96,2.64,72.32,52.8
4.33,70.21,73.78,100.0,3.06,52.89,68.21
6.24,60.17,87.97,78.27,3.01,66.42,69.18
5.68,79.11,72.1,54.52,2.57,66.86,51.35
5.63,68.78,70.5,69.41,2.0,83.22,51.44
5.82,79.03,85.84,70.94,2.89,55.99,63.13
6.23,68.47,59.28,81.85,2.68,76.51,69.12
0.78,64.8,100.0,95.75,1.67,65.63,53.38
4.27,80.81,76.88,75.44,3.1,87.37,65.24
0.64,79.81,76.95,62.44,3.38,84.36,56.68
5.07,84.95,78.83,81.02,4.0,67.95,71.14
4.99,100.0,96.4,60.22,2.57,61.07,68.49
7.09,81.33,82.3,55.53,2.48,72.6,67.02
7.38,83.82,51.13,45.36,2.13,62.29,54.14
5.41,65.07,90.25,48.09,2.93,90.2,60.72
4.0,62.56,67.57,57.45,2.92,66.18,49.05
5.97,96.99,73.39,53.51,2.31,58.92,62.95
3.94,66.92,55.37,74.39,2.7,58.11,46.16
5.0,65.47,78.84,53.21,1.61,46.8,40.65
6.97,77.53,63.53,25.99,3.36,73.35,55.83
3.88,76.92,73.3,55.39,2.34,52.7,49.22
6.61,67.17,68.31,63.39,2.78,81.47,62.59
6.35,74.34,97.03,61.52,1.94,45.61,61.17
3.09,92.75,97.77,91.27,2.45,66.91,65.35
6.95,68.33,72.6,61.41,2.63,82.25,56.9
6.4,61.28,72.83,82.33,2.79,32.72,59.75
5.2,89.31,67.15,69.73,3.09,95.27,77.26
3.48,83.91,86.38,69.41,3.66,58.62,68.86
3.28,70.55,67.72,58.3,3.24,67.12,49.35
3.92,59.01,66.52,69.18,3.38,73.57,54.44
6.09,69.06,84.72,59.29,3.67,75.89,64.18
3.09,77.34,65.0,72.38,3.14,69.11,62.17
5.88,91.99,71.51,66.69,2.78,79.96,70.29
2.52,65.56,51.44,56.78,3.41,72.79,40.12
4.59,76.99,81.15,83.89,3.44,91.41,72.71
5.22,86.1,97.23,75.98,3.19,72.83,75.19
9.89,49.42,81.38,63.73,1.93,94.47,70.15
2.25,90.41,91.0,72.04,2.3,78.52,59.85
7.94,63.81,61.0,68.83,2.64,37.91,56.67
5.3,81.98,75.07,57.85,3.27,100.0,71.74
5.82,80.96,59.74,70.99,2.79,56.38,55.66
5.24,91.02,69.04,61.31,3.48,87.43,72.1
5.89,84.61,82.04,56.77,3.59,65.4,73.13
4.69,49.47,73.32,47.28,3.52,80.92,42.95
7.91,68.58,53.64,64.98,3.52,54.67,64.48
4.09,79.66,54.9,77.94,2.18,74.39,50.96
7.26,75.66,54.04,60.27,3.09,61.2,60.96
3.71,83.73,78.39,100.0,2.44,88.69,68.65
4.88,87.47,98.83,82.4,1.81,71.58,69.99
2.86,85.3,89.71,88.26,2.63,79.04,73.89
5.91,75.43,47.35,81.13,3.59,32.54,53.4
7.89,55.84,90.47,95.94,3.08,63.72,73.97
4.85,72.53,84.17,58.98,4.0,71.16,72.26
4.61,83.0,51.91,34.15,2.91,68.35,49.2
2.77,64.91,68.06,63.75,4.0,79.42,58.81
4.54,85.58,86.24,77.82,2.91,59.51,82.32
1.81,88.9,79.16,72.12,2.81,65.73,60.56
3.17,79.52,54.98,73.86,2.03,82.72,52.81
5.45,41.23,79.94,88.49,3.47,30.82,54.29
7.64,62.66,44.21,75.35,2.5,73.84,49.36
10.62,100.0,69.1,81.18,2.41,59.99,83.57
3.83,71.44,86.79,56.85,3.57,51.32,63.27
7.87,54.19,72.24,54.66,3.49,70.05,64.67
5.49,92.82,,92.6,3.48,83.41,80.97
4.7,78.16,83.56,71.41,2.58,80.59,62.86
5.87,91.26,84.67,61.27,2.77,62.97,67.76
5.12,81.32,89.03,61.3,2.76,78.14,65.85
5.22,83.5,83.37,60.91,3.27,78.02,73.46
4.18,82.36,86.06,60.07,3.73,63.69,72.65
2.2,86.37,81.53,52.04,3.02,54.6,48.53
1.91,100.0,75.45,48.99,3.98,55.47,66.44
6.31,89.65,73.16,67.27,3.34,77.57,71.24
4.45,59.04,68.92,61.7,2.66,64.37,49.51
3.81,83.36,56.24,85.5,3.3,49.31,58.48
5.02,91.7,59.58,74.1,3.82,39.73,75.29
6.59,92.43,68.33,73.71,4.0,77.48,79.53
5.36,72.88,75.14,59.6,3.51,56.8,63.3
3.69,91.98,90.73,68.31,2.82,69.96,70.96
7.45,89.13,71.46,75.05,2.67,83.6,70.68
8.16,100.0,85.05,80.03,3.15,45.37,85.47
5.99,69.0,86.03,68.69,3.8,64.32,70.59
6.95,71.91,68.99,85.11,3.06,62.44,66.34
7.48,74.33,79.73,70.11,3.07,70.7,70.1
7.26,72.12,68.83,81.1,2.83,83.59,75.42
6.23,67.32,89.19,63.14,2.6,45.06,56.98
6.2,44.85,80.27,44.62,2.7,73.55,50.92
6.04,72.78,56.52,73.76,2.88,80.47,61.97
2.81,82.43,74.1,80.15,3.83,62.2,58.97
6.4,72.08,93.43,78.05,2.66,62.94,72.8
2.29,100.0,69.64,75.91,2.83,71.28,54.97
3.41,78.16,77.82,65.12,2.28,70.17,55.88
7.61,93.49,79.1,58.71,3.23,73.74,75.97
6.68,81.14,,77.72,3.62,73.42,72.1
7.97,87.92,78.64,75.97,3.77,50.27,76.52
4.46,81.35,53.88,62.15,2.92,79.85,55.66
2.7,94.43,63.87,85.53,3.14,82.5,70.28
4.52,78.67,85.98,57.64,2.71,67.79,56.11
5.2,83.95,,,3.12,42.59,59.32
5.16,82.4,68.04,92.91,2.99,63.28,70.73
7.27,74.54,77.8,82.16,2.83,67.92,74.37
4.28,82.86,71.22,64.99,2.88,47.83,44.76
5.7,100.0,72.16,74.02,3.07,59.6,83.68
3.02,74.76,80.54,72.17,2.62,43.86,54.78
5.9,83.03,62.54,31.56,2.65,74.11,55.96
5.01,93.09,72.52,57.31,3.82,67.49,70.64
3.5,91.68,67.94,69.29,4.0,40.31,56.2
4.53,78.14,51.39,65.01,2.08,70.27,49.67
4.63,49.4,60.03,73.46,2.04,64.15,36.67
4.46,84.2,92.39,85.81,2.23,72.75,70.97
8.54,51.37,77.0,65.5,2.74,59.13,59.7
4.8,95.64,54.79,55.19,3.34,52.98,61.09
4.51,80.03,51.98,74.55,3.15,53.44,51.82
0.81,90.0,70.54,65.43,2.9,56.93,54.11
3.21,67.17,92.3,67.82,3.12,65.28,53.05
4.47,59.37,69.57,65.92,2.38,67.22,58.16
3.63,81.13,88.99,100.0,2.65,62.14,80.07
7.76,77.6,76.58,38.63,2.79,58.65,69.84
4.67,72.1,78.13,64.56,1.85,59.73,56.14
7.58,79.02,54.64,69.95,2.1,100.0,62.23
5.12,100.0,84.19,59.06,2.13,53.44,69.58
5.07,88.01,67.65,82.6,3.26,56.63,68.33
4.82,90.59,83.22,81.39,2.95,100.0,69.04
5.01,88.13,61.42,69.33,3.17,71.32,71.95
8.44,95.75,74.3,66.21,1.7,44.3,72.55
0.5,75.72,76.58,68.43,1.91,77.64,40.92
1.0,53.34,70.0,68.53,3.2,51.35,32.4
3.91,75.74,77.26,68.9,1.13,78.64,43.56
5.03,87.74,68.54,67.37,3.53,61.84,58.63
6.38,66.36,63.56,73.53,1.71,58.4,54.12
5.95,75.88,92.87,80.54,3.31,89.14,70.97
4.23,69.7,85.64,52.78,2.27,73.5,53.22
7.04,96.02,62.11,55.29,3.43,79.59,69.42
7.06,86.99,79.39,45.52,4.0,71.52,69.48
5.37,85.82,62.35,82.13,1.44,58.33,54.54
6.93,85.46,56.6,73.5,3.22,74.17,68.14
5.55,77.55,85.44,77.07,1.72,83.14,66.32
3.88,80.37,49.85,49.99,3.06,67.02,41.48
6.4,63.78,84.05,94.99,2.68,92.02,68.41
5.22,51.76,68.71,61.48,2.88,77.76,38.18
5.0,79.8,69.25,72.35,2.25,68.18,46.18
7.95,81.89,77.33,81.96,3.27,68.77,89.17
0.5,92.51,79.56,56.18,1.93,67.06,54.56
2.16,96.86,61.26,62.35,3.54,46.23,57.03
2.63,96.84,81.33,72.51,2.55,63.65,57.55
4.27,66.02,73.47,100.0,1.96,68.32,54.17
4.49,73.77,55.67,74.22,3.76,58.76,63.98
1.99,83.76,69.79,92.49,2.76,70.07,55.85
3.03,100.0,89.96,86.88,3.94,65.32,82.64
3.28,95.76,93.8,75.15,3.53,76.61,77.07
9.91,91.43,81.33,56.15,2.32,74.95,75.49
8.6,73.35,56.53,84.84,2.75,67.51,66.33
4.18,67.4,78.38,49.03,2.87,44.49,49.86
4.27,87.47,83.06,92.41,3.72,91.86,76.58
2.7,64.79,81.43,72.8,3.06,62.87,55.79
1.18,75.14,82.2,32.9,2.91,63.79,39.26
4.77,76.62,76.72,65.23,2.68,59.86,58.54
3.0,97.11,71.06,79.16,2.77,57.67,69.2
4.83,73.74,64.09,66.68,3.58,88.16,63.03
1.8,48.73,47.33,80.01,2.8,85.79,40.98
3.48,84.05,76.42,58.1,2.56,71.67,46.36
5.3,69.61,74.42,51.72,2.46,63.39,49.15
5.73,78.51,79.25,69.0,2.47,74.29,63.83
5.83,76.96,54.61,70.44,1.96,66.11,60.6
2.36,74.72,80.39,65.12,2.35,62.15,38.59
6.71,87.48,98.71,87.18,3.7,,89.52
3.4,59.61,73.02,58.1,2.68,58.38,51.08
6.27,71.8,71.2,74.38,3.22,68.78,62.79
4.98,86.21,76.02,70.95,1.31,68.06,53.0
2.25,70.63,98.42,48.21,3.14,74.04,57.15
4.37,58.69,58.69,51.53,2.7,55.71,41.08
5.73,86.02,74.64,70.17,2.51,75.65,73.73
6.23,91.48,61.6,97.74,2.91,51.41,74.64
4.72,77.46,64.89,78.11,2.5,56.41,62.42
8.06,54.47,71.36,45.84,1.53,57.07,42.28
7.02,86.47,89.52,26.45,3.35,48.92,63.09
4.49,58.08,95.41,80.26,2.95,80.23,63.22
6.5,81.71,77.83,68.65,2.61,50.46,59.09
8.87,67.35,67.1,85.98,2.22,54.52,67.88
8.92,64.08,100.0,57.67,1.92,83.83,67.15
2.54,72.7,66.44,74.9,2.93,56.44,46.65
3.15,75.8,64.58,81.85,3.77,62.18,63.91
7.97,70.27,48.93,63.74,2.92,49.82,51.29
2.88,85.06,90.15,64.03,1.97,77.49,59.77
8.57,80.58,64.09,55.62,2.7,64.04,63.76
5.11,61.08,70.59,55.52,3.11,44.01,55.58
5.23,90.54,82.65,66.16,2.77,76.65,64.11
6.56,72.13,92.48,59.28,2.57,75.57,60.91
1.82,76.77,61.82,60.87,3.1,60.86,42.91
5.73,95.55,100.0,59.0,3.4,72.34,82.87
3.21,100.0,61.3,67.6,3.45,62.92,63.91
5.73,59.13,77.48,70.86,2.26,58.7,50.26
5.32,80.13,59.47,76.44,3.14,65.51,53.23
5.46,80.86,68.65,66.56,2.1,45.99,47.85
